tid,seq_ratio,avg_stride
10218,0.806,122.4
10228,0.965,7.3
10228,0.958,107.2
10218,0.673,93.5
10228,0.962,76.6
10228,0.970,18949.4
10228,0.966,87.4
10218,0.678,45.1
10228,0.957,25797.7
10228,0.955,76.4
10218,0.680,92.3
10228,0.972,4271.4
10228,0.962,4222.0
10228,0.960,26.1
10218,0.678,44.1
10228,0.940,4256.3
10228,0.878,2338.9
10218,0.681,60.7
10228,0.879,144.2
10228,0.909,34704.9
10218,0.679,59.7
10228,0.953,1072.4
10228,0.967,1089.5
10228,0.968,26.0
10218,0.677,47.3
10228,0.959,42.1
10228,0.966,26.5
10218,0.668,74.2
10228,0.966,25.4
10228,0.958,57.7
10218,0.683,57.5
10228,0.977,1037.8
10228,0.968,44.0
10228,0.956,56.9
10218,0.693,52.4
10228,0.964,45.1
10228,0.955,42.7
10218,0.691,64.5
10228,0.958,72.5
10228,0.968,41.7
10218,0.694,30.4
10228,0.958,24.7
10228,0.966,42.1
10218,0.704,51.4
10228,0.965,57.1
10228,0.953,39.7
10218,0.698,15.3
10228,0.971,40.4
10228,0.974,7.0
10218,0.707,35.5
10228,0.965,30.6
10228,0.969,11015.3
10218,0.697,49.5
10228,0.946,112.5
10218,0.691,50.5
10228,0.949,13.0
10218,0.714,50.1
10228,0.961,61.5
10218,0.701,30.6
10218,0.725,48.8
10228,0.969,6.3
10218,0.712,31.1
10228,0.960,24.3
10218,0.698,16.9
10228,0.963,56.8
10218,0.706,29.9
10228,0.966,39.5
10218,0.691,14.8
10228,0.964,41.2
10218,0.704,16.6
10228,0.960,42.0
10218,0.712,33.1
10228,0.965,24.0
10218,0.722,16.7
10228,0.962,18937.8
10218,0.700,32.7
10228,0.962,3168.4
10218,0.704,13.9
10228,0.948,72.4
10228,0.954,3761.9
10218,0.706,33.2
10228,0.965,26.8
10228,0.957,9.9
10228,0.960,24.4
10218,0.714,35.4
10228,0.955,41.9
10228,0.969,25.8
10218,0.724,15.9
10228,0.966,8.2
10228,0.958,41.8
10228,0.967,73.6
10218,0.699,28.6
10228,0.970,10.6
10228,0.966,8.4
10218,0.711,14.9
10228,0.970,42.2
10228,0.979,7.5
10228,0.976,8938.3
10228,0.956,59.6
10218,0.710,29.8
10228,0.952,45.8
10228,0.969,6.9
10228,0.981,8.3
10228,0.960,72.9
10218,0.693,14.2
10228,0.976,39.3
10228,0.968,24.0
10218,0.704,16.0
10228,0.956,58.6
10228,0.953,26.8
10228,0.948,26.8
10218,0.723,12.5
10228,0.962,46.0
10218,0.718,33.8
10228,0.968,12608.8
10228,0.976,8.5
10218,0.699,14.8
10228,0.953,8.1
10228,0.979,40.5
10218,0.721,15.0
10228,0.954,44.1
10218,0.717,30.3
10228,0.970,21.6
10218,0.699,46.1
10228,0.950,11.8
10218,0.702,11.1
10228,0.981,8.2
10218,0.705,16.1
10228,0.963,29.0
10218,0.705,13.7
10228,0.975,7.5
10218,0.716,33.4
10228,0.961,39.9
10218,0.719,16.0
10228,0.956,8.7
10218,0.702,13.5
10228,0.969,6.1
10218,0.712,14.1
10228,0.969,56.4
10218,0.716,32.7
10228,0.976,22.7
10228,0.975,23.1
10218,0.719,17.5
10228,0.957,135.1
10218,0.721,16.8
10218,0.723,18.0
10228,0.957,24.6
10228,0.968,25.6
10218,0.730,17.4
10228,0.962,23.9
10218,0.719,30.3
10228,0.980,44.1
10218,0.722,15.9
10228,0.982,8.3
10218,0.724,51.4
10228,0.975,7.2
10218,0.712,17.1
10228,0.972,8.9
10228,0.971,23.9
10218,0.721,12.7
10228,0.981,5.2
10218,0.712,32.9
10228,0.972,24.8
10228,0.983,40.2
10228,0.995,7.7
10228,0.993,7.2
10218,0.736,15.6
10218,0.721,11.7
10228,0.955,10615.2
10218,0.714,12.3
10228,0.963,141.6
10228,0.979,5.6
10218,0.715,17.7
10228,0.980,5.9
10218,0.715,19.5
10218,0.718,15.8
10228,0.963,8.1
10228,0.986,8.2
10218,0.713,18.4
10228,0.949,59.6
10218,0.733,33.4
10218,0.701,17.7
10228,0.968,25.7
10218,0.736,18.0
10228,0.966,25.5
10218,0.733,13.2
10228,0.962,104.7
10218,0.684,11.8
10228,0.964,11.0
10228,0.966,72.3
10218,0.692,14.7
10218,0.718,27.0
10228,0.949,107.1
10228,0.967,12.7
10218,0.712,13.9
10218,0.725,13.4
10228,0.960,59.3
10218,0.712,17.2
10228,0.958,5286.7
10228,0.979,23.0
10218,0.708,16.4
10228,0.971,25.9
10218,0.725,13.0
10228,0.970,25.4
10228,0.967,79.8
10218,0.728,14.2
10228,0.970,7.4
10228,0.959,12.1
10218,0.729,15.7
10228,0.961,25.9
10218,0.705,19.5
10228,0.962,59.1
10228,0.970,56.4
10218,0.730,12.9
10228,0.978,6856.6
10228,0.967,43.2
10218,0.725,15.6
10228,0.977,8.6
10218,0.691,15.7
10228,0.953,44.9
10228,0.969,41.9
10218,0.716,29.9
10228,0.973,7.6
10218,0.720,18.2
10228,0.968,47.6
10228,0.981,9.0
10218,0.715,14.4
10228,0.970,11.0
10228,0.980,9.3
10218,0.711,18.5
10228,0.959,30.1
10218,0.716,16.4
10228,0.974,39.9
10228,0.972,41.1
10218,0.720,30.9
10228,0.963,78.5
10218,0.698,14.9
10228,0.977,24.6
10228,0.964,2644.4
10218,0.716,19.9
10228,0.963,62.7
10218,0.722,15.3
10228,0.964,30.6
10228,0.967,5265.8
10218,0.719,13.5
10218,0.715,15.8
10228,0.941,25.2
10218,0.707,13.1
10228,0.968,39.0
10218,0.732,18.1
10228,0.982,26223.1
10228,0.972,5.8
10218,0.714,40.5
10228,0.976,5.2
10228,0.981,8.2
10218,0.718,15.9
10228,0.970,48260.9
10228,0.989,8.2
10228,0.949,109.1
10218,0.723,10.4
10228,0.977,41.8
10218,0.719,17.9
10228,0.968,13641.2
10228,0.974,28.9
10218,0.727,16.7
10228,0.976,7.1
10218,0.703,14.4
10228,0.968,6.5
10228,0.962,12.7
10218,0.705,17.4
10228,0.980,18356.9
10228,0.963,27.8
10218,0.702,23.5
10228,0.977,9.2
10228,0.968,19390.5
10218,0.719,18.1
10228,0.963,33025.3
10218,0.721,16.8
10228,0.964,61.2
10228,0.965,18377.0
10218,0.713,17.5
10228,0.965,39.8
10228,0.975,10530.5
10218,0.725,13.5
10228,0.963,11.7
10218,0.724,14.3
10228,0.981,7.2
10228,0.963,9448.0
10218,0.712,20.4
10228,0.966,11.4
10228,0.959,19950.9
10218,0.719,18.1
10228,0.968,19424.2
10218,0.713,22.8
10228,0.963,25.1
10228,0.971,11.5
10218,0.734,14.7
10228,0.962,4809.4
10218,0.730,15.6
10228,0.982,43.9
10228,0.970,25683.3
10218,0.720,30.5
10228,0.961,9.1
10218,0.737,17.1
10228,0.956,28.5
10218,0.724,15.7
10228,0.965,4730.4
10228,0.974,4744.8
10218,0.727,22.1
10228,0.978,4.9
10228,0.955,9.7
10218,0.713,18.5
10228,0.971,44.5
10228,0.959,47.0
10218,0.717,18.8
10228,0.955,6303.3
10218,0.714,19.3
10228,0.959,13.9
10218,0.730,18.9
10228,0.973,18885.7
10228,0.976,37741.8
10218,0.700,33.0
10228,0.961,28.4
10228,0.974,10.0
10218,0.713,18.2
10228,0.969,76.4
10218,0.713,15.7
10228,0.974,25.1
10228,0.963,80.8
10218,0.735,19.7
10228,0.974,10499.7
10218,0.725,29.5
10228,0.951,49.1
10228,0.965,26.6
10228,0.965,10.8
10218,0.703,12.3
10228,0.974,42.0
10218,0.714,18.4
10228,0.967,42.7
10228,0.964,58.1
10218,0.708,14.9
10228,0.977,6.7
10218,0.697,19.5
10228,0.954,6282.5
10228,0.967,42.9
10218,0.709,12.1
10228,0.967,13.7
10228,0.966,10.8
10218,0.725,19.7
10228,0.968,10.9
10218,0.716,20.7
10228,0.969,44.5
10228,0.967,45.4
10218,0.728,14.7
10228,0.958,30484.8
10218,0.721,20.6
10228,0.952,24686.1
10228,0.973,12573.8
10218,0.710,13.1
10228,0.969,40.5
10228,0.961,43.2
10218,0.718,20.1
10228,0.964,11.2
10218,0.729,18.8
10228,0.973,9.4
10228,0.973,27.7
10218,0.726,18.9
10228,0.970,10.3
10218,0.727,17.7
10228,0.977,8.7
10228,0.980,5.1
10218,0.713,14.6
10228,0.964,6.1
10218,0.711,17.6
10228,0.981,10.4
10228,0.987,7.8
10228,0.963,26.1
10218,0.720,18.1
10228,0.968,41.8
10228,0.968,26.8
10218,0.730,20.3
10228,0.968,24.2
10218,0.712,17.4
10228,0.964,10.8
10228,0.954,29.6
10218,0.707,36.8
10228,0.961,27287.7
10228,0.972,6347.1
10218,0.724,14.8
10228,0.957,26.5
10218,0.729,21.3
10228,0.963,7.2
10228,0.976,38.8
10218,0.721,18.2
10228,0.967,34639.9
10228,0.979,7.9
10218,0.715,19.6
10228,0.972,23.5
10218,0.717,24.6
10228,0.968,30.4
10228,0.981,7.6
10228,0.981,8.5
10218,0.720,17.4
10228,0.959,45.9
10218,0.719,13.2
10228,0.984,6280.4
10228,0.970,26.9
10218,0.722,17.8
10228,0.968,7.4
10218,0.728,14.8
10228,0.971,7.4
10228,0.980,6.9
10218,0.704,21.3
10228,0.965,8.6
10228,0.977,92.8
10218,0.715,16.4
10228,0.965,5.3
10218,0.715,17.8
10228,0.963,6.6
10228,0.975,6.7
10218,0.704,15.9
10228,0.975,6.6
10228,0.974,28.2
10228,0.977,5.6
10218,0.720,15.0
10228,0.976,26.2
10228,0.971,7.8
10218,0.732,16.3
10228,0.977,7.0
10228,0.968,7367.7
10218,0.730,19.2
10228,0.975,6.9
10218,0.699,15.4
10228,0.973,6.3
10228,0.977,1625.9
10218,0.722,16.2
10228,0.975,8.0
10228,0.970,4185.1
10218,0.717,15.4
10228,0.971,8.8
10228,0.977,7.5
10218,0.708,20.1
10228,0.980,24.2
10228,0.961,10497.5
10218,0.704,13.3
10228,0.977,74.1
10228,0.978,6.7
10218,0.719,25.9
10228,0.970,13098.3
10218,0.718,14.4
10228,0.973,7.6
10228,0.975,42.2
10228,0.965,26.3
10218,0.716,31.5
10228,0.961,6.8
10218,0.713,15.4
10228,0.966,24.5
10218,0.703,20.0
10228,0.973,9.5
10228,0.966,6.1
10218,0.713,18.5
10228,0.972,2643.1
10228,0.972,44.3
10218,0.714,18.1
10228,0.968,5.7
10228,0.977,7.8
10228,0.991,8.2
10218,0.701,18.1
10228,0.967,2610.6
10218,0.718,14.0
10228,0.971,8.3
10228,0.975,9.8
10218,0.704,16.9
10228,0.964,78.9
10228,0.946,60.6
10218,0.715,15.2
10218,0.716,19.9
10228,0.983,5.3
10218,0.711,17.4
10228,0.979,5.5
10228,0.980,10511.4
10218,0.702,18.7
10228,0.987,4.8
10218,0.713,21.6
10228,0.984,5.9
10228,0.985,5.5
10218,0.712,20.4
10228,0.969,5.8
10228,0.972,2111.3
10218,0.723,21.4
10228,0.957,45137.7
10228,0.967,11.6
10228,0.994,8.2
10228,0.990,7.8
10218,0.706,23.6
10228,0.956,15832.3
10228,0.965,24.1
10218,0.698,19.5
10228,0.969,56.6
10228,0.985,8.2
10218,0.720,16.5
10228,0.948,17854.3
10228,0.978,8.2
10218,0.712,18.3
10228,0.982,21.9
10228,0.977,7.7
10218,0.708,16.7
10228,0.968,41.8
10218,0.719,13.4
10228,0.975,9.1
10228,0.968,4217.5
10218,0.715,13.7
10228,0.975,8.1
10228,0.971,37.9
10218,0.707,18.9
10228,0.966,18903.7
10228,0.971,9478.4
10218,0.727,14.5
10228,0.974,9463.4
10228,0.965,18951.1
10218,0.701,15.9
10228,0.959,5.9
10218,0.701,21.6
10228,0.966,10.1
10218,0.707,22.9
10228,0.974,5.6
10228,0.979,11.1
10228,0.950,2238.0
10218,0.710,13.4
10228,0.974,10.9
10228,0.966,38.8
10218,0.723,18.5
10228,0.979,3136.5
10228,0.969,4238.2
10218,0.717,18.7
10228,0.978,8.7
10228,0.968,2208.9
10218,0.719,18.8
10218,0.720,15.5
10218,0.723,12.2
10218,0.713,21.4
10218,0.710,15.0
10228,0.966,3204.2
10218,0.736,15.8
10218,0.704,33.0
10228,0.955,75.8
10218,0.708,16.7
10228,0.973,24.3
10218,0.711,16.7
10228,0.983,5.0
10218,0.715,17.5
10228,0.968,6.7
10218,0.708,21.6
10228,0.973,23.2
10218,0.717,32.7
10228,0.970,20.8
10228,0.980,8.1
10228,0.990,9.0
10228,0.958,16351.6
10218,0.720,17.8
10228,0.971,7.6
10228,0.974,7.9
10218,0.727,19.9
10228,0.954,107.9
10228,0.983,43.1
10218,0.712,17.7
10218,0.736,23.4
10228,0.953,1582.0
10218,0.705,19.4
10228,0.971,3141.3
10218,0.726,21.8
10228,0.976,27.5
10228,0.991,7.8
10228,0.991,8.0
10218,0.724,17.3
10228,0.968,12694.6
10218,0.729,19.6
10228,0.966,29.0
10218,0.720,20.0
10228,0.987,8.6
10218,0.723,25.8
10218,0.716,22.0
10228,0.973,29.1
10228,0.993,7.8
10218,0.711,24.0
10228,0.964,1654.4
10218,0.726,17.8
10218,0.719,26.3
10228,0.963,1583.3
10218,0.725,24.8
10228,0.970,9.6
10218,0.718,17.5
10218,0.724,15.7
10218,0.727,19.1
10218,0.739,18.2
10228,0.967,29.0
10228,0.992,7.9
10228,0.992,8.0
10218,0.721,12.1
10228,0.955,3274.9
10218,0.713,13.0
10228,0.947,1652.3
10218,0.728,26.1
10228,0.986,25.1
10218,0.734,20.2
10218,0.743,22.0
10218,0.731,16.6
10218,0.736,14.4
10228,0.968,4762.1
10228,0.994,7.6
10228,0.993,8.1
10218,0.742,14.3
10218,0.718,22.9
10228,0.942,3297.2
10218,0.723,22.1
10228,0.965,61.3
10218,0.728,21.4
10228,0.975,10.9
10218,0.731,19.1
10218,0.734,24.0
10218,0.728,26.4
10228,0.985,8.4
10228,0.990,7.9
10218,0.723,36.1
10228,0.960,14288.4
10218,0.717,15.5
10218,0.728,16.4
10228,0.949,65.8
10218,0.729,22.4
10228,0.989,1565.2
10218,0.727,23.1
10218,0.722,21.5
10218,0.719,20.7
10228,0.966,31.7
10228,0.996,8.1
10228,0.990,7.9
10218,0.728,14.6
10218,0.728,23.0
10228,0.956,32627.7
10218,0.727,24.5
10228,0.952,43.5
10218,0.727,26.4
10228,0.986,59.3
10218,0.719,23.0
10218,0.717,22.9
10218,0.739,19.5
10228,0.975,42.5
10228,0.993,7.7
10228,0.992,8.3
10218,0.715,34.8
10218,0.729,16.4
10218,0.740,15.6
10228,0.946,12689.4
10218,0.721,23.4
10228,0.959,27.1
10218,0.710,23.2
10228,0.978,9.2
10218,0.726,14.8
10218,0.720,20.6
10228,0.980,1599.7
10228,0.993,8.0
10218,0.711,23.5
10218,0.727,20.8
10228,0.948,15698.3
10218,0.723,16.3
10228,0.965,12.0
10218,0.728,21.6
10228,0.972,11.5
10218,0.730,20.0
10218,0.722,20.7
10218,0.753,20.5
10218,0.738,19.3
10228,0.976,43.2
10228,0.994,7.8
10228,0.989,8.1
10218,0.741,43.2
10218,0.739,20.8
10228,0.952,14809.8
10218,0.732,24.7
10228,0.965,27.3
10218,0.738,16.8
10218,0.723,23.0
10228,0.988,8.6
10218,0.721,20.6
10218,0.723,19.5
10218,0.728,34.3
10228,0.975,8.7
10228,0.996,8.1
10228,0.990,7.4
10218,0.724,18.3
10218,0.725,20.2
10228,0.956,3243.2
10218,0.725,17.6
10228,0.954,3201.3
10218,0.736,21.6
10228,0.987,8.5
10218,0.733,17.6
10218,0.737,28.8
10218,0.722,19.5
10228,0.974,45.2
10228,0.996,7.8
10228,0.985,41.5
10218,0.713,21.4
10218,0.740,18.1
10228,0.955,1633.4
10218,0.745,23.2
10228,0.962,24.1
10218,0.724,23.8
10228,0.977,12.3
10218,0.727,18.4
10218,0.712,23.7
10218,0.714,23.8
10228,0.987,8.4
10228,0.994,7.7
10228,0.973,79.7
10218,0.728,14.8
10218,0.741,24.8
10228,0.965,43.9
10218,0.729,28.7
10228,0.966,24.8
10218,0.723,20.5
10218,0.735,19.2
10228,0.975,28.1
10218,0.713,17.6
10218,0.713,24.9
10228,0.982,9.6
10228,0.993,8.0
10218,0.718,13.6
10228,0.967,3254.3
10218,0.740,18.2
10228,0.968,9.3
10218,0.733,16.1
10228,0.973,25.9
10218,0.722,23.1
10228,0.978,9.9
10218,0.720,21.9
10228,0.981,5.5
10218,0.725,16.9
10228,0.961,8.0
10228,0.989,7.6
10228,0.996,7.8
10218,0.712,16.6
10228,0.941,10580.0
10218,0.716,19.5
10228,0.972,11.1
10228,0.991,7.9
10218,0.709,17.8
10228,0.960,3217.6
10218,0.732,19.1
10228,0.955,25.0
10218,0.715,23.0
10228,0.982,25.2
10218,0.722,23.5
10218,0.716,16.4
10228,0.961,1599.2
10228,0.986,7.8
10218,0.732,26.1
10218,0.711,22.0
10228,0.938,17376.3
10218,0.701,24.5
10228,0.966,58.9
10218,0.726,11.7
10228,0.976,8.9
10218,0.730,20.6
10218,0.710,20.5
10218,0.723,39.9
10228,0.961,62.3
10228,0.993,8.1
10228,0.993,7.8
10218,0.729,17.4
10218,0.739,19.5
10228,0.958,6937.6
10218,0.742,21.9
10228,0.957,28.6
10218,0.740,18.3
10228,0.987,8.3
10218,0.719,19.0
10218,0.714,16.8
10218,0.717,24.7
10228,0.979,9.4
10228,0.989,7.9
10228,0.994,8.4
10218,0.730,19.6
10218,0.722,17.5
10228,0.958,3287.2
10218,0.724,21.2
10228,0.954,1602.3
10218,0.724,20.6
10228,0.984,10.9
10218,0.713,13.9
10218,0.732,17.9
10218,0.717,24.2
10228,0.976,13627.2
10228,0.990,7.9
10228,0.976,25766.5
10218,0.722,21.9
10218,0.734,14.6
10228,0.963,43.4
10218,0.724,20.8
10218,0.733,17.2
10228,0.958,10.8
10218,0.716,21.7
10228,0.986,8.0
10218,0.730,18.9
10218,0.723,20.4
10228,0.987,7.8
10228,0.993,7.9
10218,0.717,25.5
10228,0.964,37772.6
10218,0.727,25.3
10218,0.727,12.1
10228,0.940,4305.7
10218,0.731,25.3
10228,0.962,24.2
10218,0.718,18.4
10218,0.716,25.0
10218,0.738,17.5
10218,0.721,22.3
10228,0.970,14.1
10228,0.988,8.9
10228,0.993,8.0
10218,0.721,22.3
10228,0.962,15808.6
10218,0.722,20.5
10218,0.733,34.7
10228,0.959,59.1
10218,0.734,18.6
10228,0.966,47.2
10218,0.738,19.2
10218,0.719,21.2
10218,0.726,18.8
10228,0.967,10.4
10228,0.993,7.4
10228,0.995,7.9
10218,0.722,16.1
10228,0.954,4223.2
10218,0.721,21.8
10218,0.727,23.9
10228,0.950,28.1
10218,0.734,23.2
10228,0.984,25.9
10218,0.747,23.4
10218,0.743,20.1
10218,0.720,21.2
10228,0.978,43.2
10228,0.991,8.0
10218,0.721,16.0
10228,0.968,3262.8
10218,0.733,23.6
10228,0.978,8.4
10218,0.718,29.4
10218,0.730,17.2
10228,0.963,7385.6
10218,0.729,19.0
10218,0.730,17.1
10218,0.733,19.9
10228,0.974,26.4
10228,0.986,1039.4
10228,0.993,7.9
10218,0.734,15.3
10228,0.953,16352.5
10218,0.726,12.7
10228,0.968,1074.9
10218,0.724,12.4
10218,0.725,16.2
10228,0.972,60.0
10218,0.724,19.6
10218,0.716,32.5
10228,0.968,63.1
10228,0.992,7.9
10228,0.992,7.5
10218,0.725,33.0
10218,0.726,15.5
10228,0.959,144.7
10218,0.719,23.1
10228,0.957,43.4
10218,0.723,20.7
10228,0.986,8.8
10218,0.720,19.8
10218,0.722,14.4
10218,0.718,19.0
10228,0.975,75.3
10228,0.994,8.1
10228,0.987,8.0
10218,0.731,16.9
10218,0.724,22.0
10228,0.936,8510.6
10218,0.736,24.4
10218,0.712,13.5
10228,0.965,11.5
10218,0.713,19.8
10228,0.972,12.2
10218,0.725,15.0
10218,0.715,18.7
10228,0.984,8.2
10228,0.991,7.8
10218,0.730,19.8
10228,0.959,13738.1
10218,0.736,14.9
10218,0.730,17.5
10228,0.979,8.4
10218,0.712,17.5
10228,0.964,1088.0
10218,0.722,12.7
10228,0.975,40.0
10218,0.725,14.9
10228,0.983,5.2
10228,0.977,26.8
10228,0.994,7.5
10218,0.705,12.0
10228,0.958,8919.9
10218,0.722,18.3
10228,0.960,9.0
10228,0.991,7.8
10228,0.962,5316.3
10218,0.728,19.2
10228,0.970,6.4
10228,0.964,9537.0
10218,0.712,16.6
10218,0.714,21.5
10228,0.980,9.0
10218,0.721,24.5
10228,0.972,10.1
10218,0.713,24.0
10228,0.956,47.5
10228,0.992,7.9
10218,0.721,16.3
10228,0.955,5357.7
10218,0.717,16.8
10228,0.951,1650.0
10218,0.729,21.0
10218,0.722,21.5
10228,0.985,26.4
10218,0.720,20.8
10218,0.717,23.3
10228,0.982,25.0
10228,0.992,8.3
10228,0.993,8.1
10218,0.723,22.6
10218,0.724,28.2
10228,0.956,23760.4
10218,0.726,26.7
10218,0.732,18.6
10228,0.960,44.0
10218,0.733,25.3
10228,0.990,8.5
10218,0.716,21.8
10218,0.712,15.8
10228,0.972,14.3
10228,0.992,7.9
10228,0.993,7.5
10218,0.721,14.0
10218,0.728,21.0
10228,0.953,12634.4
10218,0.723,16.2
10228,0.955,27.5
10218,0.723,20.6
10228,0.982,26.5
10218,0.724,21.1
10218,0.717,19.3
10218,0.720,17.6
10228,0.972,27.2
10228,0.994,7.9
10228,0.993,7.9
10218,0.725,18.8
10218,0.713,21.0
10228,0.963,33.9
10218,0.720,18.9
10228,0.961,39.8
10218,0.720,21.2
10228,0.984,8.9
10218,0.731,21.0
10218,0.712,24.7
10228,0.976,10.4
10228,0.993,7.7
10228,0.996,7.8
10218,0.715,15.9
10218,0.741,15.3
10218,0.731,20.6
10228,0.954,1686.2
10218,0.732,20.4
10228,0.951,12.9
10218,0.719,31.9
10228,0.987,7.9
10218,0.736,22.1
10218,0.730,18.5
10218,0.718,19.3
10228,0.976,26.9
10228,0.994,7.8
10228,0.992,8.1
10218,0.718,17.0
10218,0.719,17.9
10228,0.964,7386.2
10218,0.721,23.4
10228,0.959,26.8
10218,0.709,19.2
10228,0.988,8.3
10218,0.722,33.0
10218,0.734,23.6
10228,0.971,14.5
10228,0.994,8.2
10228,0.990,8.1
10218,0.724,23.2
10218,0.726,24.6
10228,0.956,12108.6
10218,0.715,18.4
10218,0.725,23.4
10228,0.953,10.6
10218,0.724,22.4
10228,0.988,8.6
10218,0.726,21.0
10218,0.707,17.0
10228,0.974,14.4
10228,0.991,8.3
10228,0.992,8.0
10218,0.718,24.7
10218,0.724,17.3
10228,0.964,17905.2
10218,0.726,22.0
10228,0.952,44.6
10218,0.738,18.8
10228,0.985,10.3
10218,0.712,22.3
10218,0.723,21.6
10218,0.732,26.7
10228,0.970,11.7
10228,0.994,7.9
10228,0.993,7.7
10218,0.720,16.9
10218,0.734,18.9
10228,0.964,9518.2
10218,0.713,24.9
10228,0.962,25.1
10218,0.727,24.1
10228,0.985,8.7
10218,0.727,23.3
10218,0.730,17.4
10218,0.723,26.8
10228,0.966,1615.7
10228,0.991,7.8
10228,0.996,7.9
10218,0.718,20.4
10228,0.961,17867.3
10218,0.720,19.0
10218,0.731,26.5
10228,0.968,8.3
10218,0.709,20.2
10228,0.976,8.5
10218,0.729,23.2
10218,0.714,18.2
10218,0.704,25.2
10228,0.965,45.4
10228,0.995,8.1
10228,0.992,7.9
10218,0.731,17.6
10228,0.958,13705.3
10218,0.727,23.7
10218,0.736,28.1
10228,0.964,25.9
10218,0.733,16.5
10228,0.976,9.5
10218,0.723,21.5
10218,0.731,20.0
10218,0.720,20.6
10228,0.967,9.0
10228,0.993,8.4
10228,0.992,8.3
10218,0.723,25.5
10228,0.971,3121.0
10218,0.724,20.4
10228,0.965,25.0
10218,0.721,16.3
10228,0.978,8.4
10218,0.703,20.9
10218,0.717,17.5
10218,0.732,22.6
10228,0.974,10.1
10228,0.992,8.1
10228,0.995,7.6
10218,0.718,88.1
10218,0.702,24.0
10228,0.947,4882.2
10218,0.731,21.6
10228,0.959,28.5
10218,0.725,19.5
10228,0.983,10.2
10218,0.737,24.9
10228,0.975,16768.6
10218,0.734,24.2
10228,0.991,5.1
10218,0.728,12.4
10228,0.977,10.9
10228,0.976,48712.4
10218,0.715,17.4
10228,0.980,5.3
10218,0.722,19.6
10228,0.963,8400.3
10218,0.726,17.3
10228,0.963,39.3
10228,0.994,7.7
10228,0.994,8.7
10228,0.949,2686.4
10218,0.708,18.4
10228,0.979,7451.1
10218,0.721,24.2
10228,0.960,8398.2
10218,0.698,19.6
10228,0.977,1628.8
10218,0.716,19.5
10228,0.953,13.1
10218,0.716,19.0
10228,0.960,22179.7
10218,0.715,18.5
10218,0.715,21.8
10228,0.959,3174.7
10218,0.720,20.5
10228,0.974,13.0
10218,0.727,17.9
10218,0.716,22.3
10228,0.980,12.2
10228,0.994,7.8
10218,0.715,15.6
10228,0.964,50370.2
10218,0.704,27.3
10228,0.969,12.6
10218,0.729,13.6
10228,0.969,62.0
10218,0.738,19.9
10218,0.743,23.1
10218,0.732,14.9
10218,0.729,19.3
10228,0.972,31.1
10228,0.993,8.4
10228,0.994,7.8
10218,0.717,15.6
10228,0.964,91.5
10218,0.740,20.8
10218,0.729,25.6
10228,0.964,24.3
10218,0.739,17.1
10228,0.967,42.5
10218,0.726,15.4
10218,0.733,12.7
10218,0.718,21.7
10228,0.965,14.2
10228,0.991,7.7
10228,0.993,8.1
10218,0.718,34.3
10228,0.953,15279.1
10218,0.735,25.8
10218,0.741,21.2
10228,0.975,26.8
10218,0.713,26.1
10228,0.979,8.2
10218,0.724,24.8
10218,0.731,23.1
10228,0.975,11.9
10228,0.989,7.8
10228,0.994,7.6
10218,0.723,17.7
10218,0.723,19.9
10228,0.959,17920.1
10218,0.733,14.9
10228,0.973,10.7
10218,0.735,16.0
10228,0.981,8.8
10218,0.717,24.9
10218,0.724,13.0
10218,0.720,24.3
10228,0.972,12.1
10228,0.993,8.0
10228,0.994,7.9
10218,0.723,25.4
10218,0.712,16.1
10228,0.959,7435.3
10218,0.729,22.9
10228,0.965,25.2
10218,0.728,17.2
10228,0.980,7.8
10218,0.716,17.5
10218,0.714,19.3
10218,0.723,24.7
10228,0.970,10530.9
10228,0.993,7.9
10228,0.992,7.7
10218,0.717,43.4
10218,0.735,20.2
10228,0.958,128.2
10218,0.714,16.1
10228,0.958,92.1
10218,0.730,17.5
10228,0.978,8.7
10218,0.716,28.5
10218,0.728,25.3
10218,0.727,13.6
10228,0.977,1583.9
10228,0.993,7.8
10228,0.994,7.8
10218,0.716,18.4
10218,0.709,20.7
10228,0.943,6373.6
10218,0.730,25.4
10228,0.970,11.5
10218,0.719,35.1
10228,0.975,25.7
10218,0.721,20.0
10218,0.715,19.4
10218,0.719,23.8
10228,0.975,27.1
10228,0.991,8.2
10228,0.995,7.5
10218,0.716,31.8
10218,0.746,19.2
10228,0.962,1125.7
10218,0.736,18.6
10228,0.962,11.3
10218,0.725,20.5
10228,0.984,3171.5
10218,0.716,21.4
10218,0.722,20.1
10218,0.731,22.8
10228,0.969,11.9
10228,0.994,8.0
10228,0.995,7.5
10218,0.726,26.3
10218,0.744,19.2
10228,0.953,82.0
10218,0.714,21.6
10228,0.972,62.9
10218,0.737,21.5
10228,0.972,59.1
10218,0.734,19.3
10218,0.731,19.0
10218,0.711,22.4
10228,0.969,28.7
10228,0.992,7.9
10228,0.995,7.7
10218,0.719,19.0
10228,0.946,7537.8
10218,0.723,26.2
10228,0.968,41.5
10218,0.729,24.7
10218,0.723,30.0
10228,0.973,565.5
10218,0.716,20.6
10218,0.711,24.6
10218,0.708,19.5
10228,0.964,15.1
10228,0.993,8.1
10228,0.993,8.0
10218,0.728,13.2
10228,0.964,18970.9
10218,0.730,22.6
10218,0.715,24.2
10228,0.969,47.0
10218,0.727,21.0
10228,0.977,9.4
10218,0.749,17.9
10218,0.714,19.0
10228,0.969,1583.8
10228,0.994,7.9
10228,0.994,8.2
10218,0.723,17.6
10218,0.726,20.0
10228,0.962,2643.8
10218,0.719,24.8
10228,0.978,42.2
10218,0.716,19.6
10228,0.962,59.2
10218,0.732,24.0
10228,0.982,8.8
10218,0.706,26.3
10228,0.988,21.6
10218,0.710,25.0
10228,0.986,5.0
10228,0.986,8.4
10228,0.969,4319.6
10218,0.698,19.4
10228,0.973,24.7
10218,0.717,19.4
10228,0.972,25.0
10218,0.720,22.5
10228,0.978,3694.1
10228,0.994,9.2
10228,0.965,8412.0
10218,0.731,16.1
10228,0.985,10543.5
10218,0.712,23.7
10228,0.971,26.4
10218,0.722,16.7
10228,0.966,12.4
10218,0.699,17.4
10228,0.951,10536.4
10218,0.705,22.8
10228,0.951,6894.7
10218,0.711,14.4
10228,0.964,13.9
10218,0.723,18.9
10228,0.977,25.1
10218,0.720,27.2
10218,0.719,17.7
10218,0.717,21.0
10228,0.970,13.5
10228,0.991,7.7
10228,0.994,8.0
10218,0.713,25.3
10228,0.963,3176.9
10218,0.726,21.7
10218,0.727,21.3
10228,0.968,10.4
10218,0.725,16.7
10228,0.975,8.1
10218,0.734,22.4
10218,0.735,20.5
10228,0.974,9.8
10228,0.994,8.2
10218,0.728,18.8
10228,0.959,1677.0
10218,0.711,22.4
10228,0.973,45.4
10218,0.722,19.8
10228,0.956,18918.1
10218,0.726,16.4
10228,0.975,11.6
10218,0.718,16.1
10218,0.723,19.7
10218,0.726,22.7
10228,0.985,9.2
10228,0.993,7.8
10218,0.721,53.4
10228,0.960,3715.6
10218,0.729,20.5
10228,0.978,566.0
10218,0.721,22.3
10228,0.964,29.1
10218,0.724,22.6
10218,0.722,22.1
10218,0.731,25.4
10218,0.709,24.9
10228,0.974,11.6
10228,0.993,8.2
10228,0.994,8.3
10218,0.693,22.7
10228,0.955,45725.4
10218,0.729,22.2
10218,0.720,24.4
10228,0.973,8.8
10218,0.709,27.9
10228,0.964,10.9
10218,0.716,15.5
10218,0.734,17.2
10228,0.973,58.3
10228,0.994,7.9
10228,0.991,8.0
10218,0.724,25.8
10218,0.728,23.4
10228,0.972,639.6
10218,0.720,19.1
10218,0.725,17.4
10228,0.971,10.7
10218,0.721,22.3
10228,0.977,26.1
10218,0.721,22.4
10218,0.719,22.7
10228,0.976,44.7
10228,0.993,8.1
10228,0.993,8.0
10218,0.727,16.3
10218,0.723,22.9
10228,0.953,85.0
10218,0.715,23.6
10228,0.968,8.8
10218,0.727,25.4
10228,0.972,8.5
10218,0.720,18.6
10218,0.734,17.7
10228,0.973,10527.4
10228,0.993,8.2
10228,0.992,7.9
10218,0.729,25.7
10218,0.717,18.4
10228,0.962,18970.0
10218,0.709,26.6
10218,0.734,20.5
10228,0.969,9.4
10218,0.731,21.3
10228,0.982,26.1
10218,0.733,17.5
10218,0.713,22.8
10228,0.967,112.0
10228,0.995,8.0
10218,0.717,19.7
10228,0.967,9550.0
10218,0.709,44.8
10218,0.725,25.8
10228,0.975,12.2
10218,0.736,20.1
10228,0.950,61.6
10218,0.737,23.5
10228,0.974,3715.6
10218,0.720,16.4
10218,0.713,18.8
10228,0.983,58.8
10228,0.995,8.1
10218,0.720,22.4
10228,0.973,79.2
10218,0.713,28.9
10218,0.720,23.7
10228,0.980,9.9
10218,0.730,16.6
10228,0.967,25.5
10218,0.725,25.0
10228,0.969,47.1
10218,0.716,24.0
10218,0.722,20.9
10228,0.984,11.0
10228,0.992,7.9
10228,0.975,3204.9
10218,0.722,13.8
10218,0.722,14.4
10228,0.982,11.0
10218,0.717,18.6
10228,0.963,9.0
10218,0.728,20.1
10228,0.972,41.4
10218,0.730,17.8
10218,0.719,18.7
10228,0.986,10.9
10228,0.994,7.7
10218,0.725,19.8
10228,0.978,42.9
10218,0.736,25.8
10218,0.718,25.4
10228,0.983,10.2
10218,0.727,22.7
10228,0.966,11.3
10218,0.742,17.8
10228,0.974,26.7
10218,0.733,21.8
10218,0.718,22.6
10228,0.986,9.3
10228,0.992,8.0
10228,0.974,90.9
10218,0.718,17.3
10218,0.726,19.5
10228,0.976,59.0
10218,0.715,25.1
10228,0.951,547.8
10218,0.720,25.8
10228,0.983,10.0
10218,0.725,25.0
10218,0.711,21.3
10228,0.970,28.3
10228,0.992,7.9
10228,0.990,8.5
10218,0.732,20.4
10218,0.728,16.9
10218,0.734,20.5
10228,0.968,28.9
10218,0.716,25.3
10228,0.966,24.8
10218,0.720,22.3
10228,0.981,24.2
10218,0.712,23.3
10228,0.978,1057.0
10228,0.983,5.0
10218,0.728,21.8
10228,0.976,8.5
10228,0.992,8.2
10218,0.720,23.0
10228,0.957,2165.3
10218,0.718,18.2
10228,0.981,11.1
10228,0.995,8.0
10228,0.968,567.4
10218,0.714,21.8
10228,0.961,21000.4
10218,0.731,23.0
10228,0.975,21065.8
10218,0.727,20.9
10228,0.979,25.1
10218,0.712,27.2
10228,0.966,40.2
10218,0.714,25.7
10228,0.950,12070.3
10218,0.699,19.8
10228,0.951,9480.2
10218,0.723,13.3
10228,0.984,10.5
10218,0.724,17.6
10228,0.958,11.2
10218,0.727,19.5
10218,0.716,23.0
10218,0.705,27.9
10228,0.971,31.6
10228,0.994,8.0
10228,0.992,7.8
10218,0.720,50.1
10228,0.944,3371.3
10218,0.727,24.9
10228,0.978,3680.8
10218,0.712,23.8
10228,0.970,26.6
10218,0.710,16.4
10218,0.731,22.4
10218,0.712,15.1
10218,0.726,24.4
10228,0.969,1617.9
10228,0.992,7.8
10228,0.995,7.7
10218,0.727,23.3
10228,0.957,22082.8
10218,0.730,20.2
10228,0.978,24.2
10218,0.728,38.2
10228,0.958,1076.5
10218,0.725,15.8
10218,0.733,17.0
10218,0.717,24.8
10228,0.976,7351.1
10228,0.992,7.6
10228,0.995,7.7
10218,0.716,35.6
10218,0.728,18.1
10228,0.953,19086.9
10218,0.712,23.1
10228,0.977,8.4
10218,0.726,18.0
10228,0.958,47.4
10218,0.721,15.0
10218,0.724,20.9
10218,0.734,23.5
10228,0.967,59.9
10228,0.994,8.0
10228,0.993,7.9
10218,0.723,16.1
10228,0.954,33596.2
10218,0.703,19.6
10228,0.982,27.5
10218,0.718,21.1
10228,0.963,25.9
10218,0.722,20.8
10228,0.983,9.1
10218,0.703,19.6
10218,0.705,23.1
10228,0.981,3152.6
10228,0.993,8.1
10218,0.713,18.3
10228,0.970,7486.6
10218,0.711,20.8
10228,0.972,28.3
10218,0.727,21.4
10228,0.965,26.9
10218,0.710,17.3
10228,0.975,72.0
10218,0.695,30.2
10218,0.723,30.7
10218,0.721,18.5
333,0.318,385.4
10228,0.975,11.8
10228,0.995,8.0
10218,0.727,18.8
10228,0.972,11.6
10218,0.715,20.5
10228,0.980,9.8
10218,0.706,22.9
10228,0.974,25.7
10218,0.724,17.9
10218,0.719,14.9
10218,0.725,22.3
10218,0.718,22.0
10228,0.961,21036.8
10228,0.995,7.9
10228,0.993,8.2
10228,0.964,3173.5
10218,0.725,20.7
10218,0.716,23.2
10228,0.976,1596.6
10218,0.728,23.5
10228,0.976,58.5
10218,0.721,21.8
10218,0.714,22.2
10218,0.729,25.4
10218,0.712,24.4
10228,0.969,11.0
10228,0.992,7.9
10228,0.993,8.2
10218,0.713,17.9
10228,0.954,63.0
10218,0.718,23.4
10228,0.981,43.2
10218,0.711,25.5
10218,0.732,27.0
10228,0.970,24.1
10218,0.717,15.5
10218,0.717,24.8
10228,0.967,3152.7
10228,0.994,7.8
10228,0.994,8.0
10218,0.706,40.4
10218,0.719,21.5
10228,0.955,10611.0
10218,0.725,15.8
10228,0.979,10495.8
10218,0.733,20.1
10228,0.973,43.5
10218,0.719,18.8
10218,0.718,22.8
10218,0.715,26.0
10228,0.977,9.3
10228,0.993,7.8
10228,0.993,7.5
10218,0.723,16.3
10218,0.718,18.4
10228,0.960,21054.3
10218,0.738,20.6
10228,0.985,8.4
10218,0.735,21.5
10228,0.969,9.1
10218,0.722,14.2
10218,0.721,21.6
10218,0.738,22.2
10228,0.972,10514.4
10228,0.994,8.1
10228,0.995,7.7
10218,0.715,22.9
10218,0.704,26.2
10228,0.948,3780.3
10218,0.719,19.5
10228,0.978,10.8
10218,0.721,20.4
10228,0.967,61.8
10218,0.712,23.5
10218,0.721,18.9
10218,0.722,22.8
10228,0.971,11.3
10228,0.995,8.0
10228,0.994,8.0
10218,0.715,16.0
10228,0.953,35767.3
10218,0.724,19.3
10228,0.985,25.6
10218,0.714,22.3
10228,0.969,8.2
10218,0.730,26.2
10228,0.974,26.5
10218,0.727,24.0
10228,0.979,5.3
10218,0.729,23.7
10228,0.985,6.5
10228,0.978,25.2
10218,0.717,37.7
10228,0.962,1649.8
10228,0.966,8.5
10218,0.711,23.5
10228,0.959,8.1
10228,0.995,8.5
10228,0.979,1599.5
10218,0.727,19.4
10228,0.981,10511.7
10218,0.714,18.7
10228,0.989,8.0
10218,0.723,22.9
10228,0.968,44.2
10218,0.728,20.5
10228,0.966,26.0
10228,0.981,8.8
10218,0.697,22.7
10218,0.719,17.5
10228,0.953,26304.4
10218,0.704,18.0
10228,0.989,24.1
10218,0.718,14.9
10228,0.964,8.8
10218,0.722,21.0
10218,0.701,20.9
10218,0.710,17.8
10228,0.962,46.1
10228,0.993,7.9
10228,0.993,8.4
10218,0.724,52.6
10228,0.968,7467.9
10218,0.733,19.5
10218,0.721,20.7
10228,0.981,60.3
10218,0.727,28.5
10228,0.974,28.9
10218,0.709,21.6
10218,0.736,13.1
10218,0.724,23.8
10228,0.973,1045.3
10228,0.993,7.9
10228,0.995,8.1
10218,0.714,33.5
10228,0.963,7922.9
10218,0.712,17.9
10228,0.988,7.9
10218,0.716,29.1
10228,0.977,8.8
10218,0.703,22.3
10218,0.721,17.8
10218,0.700,23.2
10228,0.974,24.7
10228,0.993,7.9
10228,0.994,8.0
10218,0.721,16.6
10228,0.958,7440.6
10218,0.722,15.4
10228,0.973,8.6
10218,0.720,15.8
10218,0.730,19.0
10228,0.970,9.5
10218,0.720,17.8
10218,0.733,16.5
10228,0.970,9465.3
10228,0.992,8.0
10228,0.995,7.6
10218,0.720,15.4
10218,0.731,18.6
10228,0.970,28438.9
10218,0.730,22.5
10228,0.980,27.2
10218,0.727,13.4
10228,0.965,9.2
10218,0.721,19.2
10218,0.722,27.7
10218,0.723,16.4
10228,0.966,14.2
10228,0.994,7.9
10228,0.994,7.6
10218,0.717,17.2
10228,0.953,13202.5
10218,0.735,19.4
10228,0.979,8.2
10218,0.731,18.7
10228,0.965,8.4
10218,0.730,25.0
10228,0.975,9.5
10218,0.726,23.9
10218,0.734,19.9
10228,0.984,9447.2
10228,0.996,8.4
10218,0.710,76.1
10228,0.975,44.1
10218,0.703,15.2
10228,0.983,18901.2
10218,0.710,24.2
10228,0.978,27.5
10218,0.736,15.8
10228,0.981,8.3
10218,0.726,16.8
10218,0.720,24.6
10218,0.734,17.1
10228,0.985,10511.2
10228,0.994,8.2
10228,0.967,8988.4
10218,0.728,25.0
10218,0.709,21.3
10228,0.982,10.0
10218,0.713,23.1
10228,0.973,12.5
10218,0.720,25.2
10228,0.973,41.6
10218,0.725,21.9
10218,0.727,22.2
10218,0.736,21.6
10228,0.978,58.4
10228,0.991,8.2
10228,0.995,7.9
10218,0.710,21.0
10218,0.709,23.9
10228,0.965,3169.4
10218,0.730,19.7
10228,0.978,27.5
10218,0.715,18.2
10228,0.979,8.3
10218,0.710,26.0
10218,0.724,21.7
10228,0.975,10528.8
10228,0.994,7.9
10228,0.993,8.1
10218,0.734,18.3
10218,0.738,18.5
10228,0.948,10531.2
10218,0.728,18.8
10228,0.981,59.9
10218,0.728,20.8
10218,0.731,17.3
10228,0.972,27.8
10218,0.706,16.3
10218,0.733,14.7
10228,0.973,8.4
10228,0.993,8.2
10228,0.996,8.1
10218,0.730,18.1
10228,0.966,13.1
10218,0.706,20.2
10228,0.990,9.5
10218,0.716,20.8
10228,0.962,26.3
10218,0.728,18.3
10218,0.718,27.3
10218,0.715,25.5
10228,0.961,12122.4
10228,0.987,8.2
10228,0.993,7.7
10218,0.718,21.1
10228,0.965,3731.9
10218,0.731,21.5
10218,0.711,17.2
10228,0.978,42.1
10218,0.731,24.2
10228,0.960,41.2
10218,0.735,18.9
10228,0.979,10.1
10218,0.721,13.1
10218,0.729,18.0
10228,0.988,8.9
10228,0.993,7.9
10218,0.728,19.5
10228,0.973,4205.8
10218,0.720,19.0
10228,0.975,76.9
10218,0.708,21.5
10228,0.972,41.7
10218,0.710,27.0
10218,0.719,25.0
10218,0.732,22.7
10228,0.962,12.5
10228,0.993,8.0
10228,0.995,7.6
10218,0.717,23.4
10228,0.970,25266.2
10218,0.709,25.8
10218,0.714,22.6
10228,0.978,1580.1
10218,0.728,16.6
10228,0.970,25.6
10218,0.713,22.7
10228,0.974,59.0
10218,0.705,23.0
10228,0.977,3166.1
10228,0.986,7.7
10218,0.702,21.9
10228,0.986,7.6
10218,0.707,25.9
10228,0.961,4702.9
10218,0.727,19.1
10228,0.968,7.7
10228,0.958,22.8
10218,0.719,23.3
10228,0.985,41.4
10228,0.994,9.1
10228,0.966,23094.7
10218,0.723,21.6
10228,0.976,18969.5
10218,0.726,21.8
10228,0.979,24.2
10218,0.703,21.7
10228,0.960,64.5
10218,0.695,19.5
10228,0.959,30.0
10218,0.712,19.5
10218,0.718,15.3
10228,0.961,1603.7
10218,0.717,20.0
10228,0.975,24.1
10218,0.702,23.0
10228,0.978,10.7
10218,0.718,15.0
10228,0.982,8.3
10228,0.994,8.0
10218,0.729,17.1
10218,0.721,23.1
10228,0.956,66.1
10218,0.718,21.0
10228,0.992,8.1
10218,0.727,26.9
10228,0.974,24.6
10218,0.717,15.2
10228,0.973,8.2
10218,0.717,25.1
10218,0.736,19.5
10228,0.986,27.4
10228,0.993,8.2
10218,0.697,24.5
10228,0.965,5319.4
10218,0.728,21.4
10228,0.975,55.8
10218,0.725,24.3
10228,0.964,41.0
10218,0.720,18.2
10228,0.976,24.7
10218,0.711,24.9
10218,0.728,15.5
10218,0.723,24.3
10228,0.976,13.5
10228,0.993,8.2
10218,0.716,36.8
10228,0.958,16833.2
10218,0.722,24.9
10228,0.978,12.2
10218,0.729,25.9
10218,0.722,21.7
10228,0.966,28.7
10218,0.722,32.2
10228,0.975,28.3
10218,0.732,21.4
10228,0.981,40.9
10228,0.995,7.7
10218,0.718,16.1
10228,0.976,47262.2
10218,0.706,18.1
10218,0.720,21.4
10228,0.966,41.9
10218,0.728,27.5
10228,0.980,8.6
10218,0.719,22.0
10228,0.967,11.5
10218,0.725,18.2
10218,0.730,17.8
10228,0.978,3727.2
10228,0.994,7.7
10228,0.993,8.1
10218,0.729,22.7
10218,0.706,24.1
10228,0.960,55672.9
10218,0.730,16.1
10228,0.975,8.6
10218,0.724,23.2
10228,0.975,24.3
10218,0.724,19.0
10218,0.715,16.6
10218,0.732,21.6
10228,0.968,25795.0
10228,0.993,7.7
10228,0.994,7.9
10218,0.702,18.1
10218,0.705,25.8
10228,0.962,67169.7
10218,0.723,24.8
10228,0.982,25.1
10218,0.712,19.4
10228,0.977,8.4
10218,0.706,15.6
10218,0.695,34.0
10218,0.735,16.9
10228,0.971,8.7
10228,0.995,7.8
10228,0.992,8.4
10218,0.727,14.7
10228,0.952,56722.9
10218,0.723,26.6
10228,0.985,26.0
10218,0.724,20.2
10228,0.973,3187.4
10218,0.730,13.9
10228,0.976,26.5
10218,0.722,17.4
10218,0.709,22.7
10228,0.981,57.5
10228,0.993,7.6
10218,0.721,18.5
10228,0.968,122663.6
10218,0.724,24.9
10218,0.732,31.3
10228,0.980,10.4
10218,0.722,26.2
10228,0.970,45.0
10218,0.706,26.3
10228,0.977,26.4
10218,0.717,20.5
10218,0.720,18.8
10228,0.971,88109.5
10228,0.994,8.1
10228,0.994,8.0
10218,0.717,22.1
10218,0.710,17.0
10228,0.954,3226.2
10218,0.736,22.1
10228,0.980,9.2
10218,0.721,13.8
10228,0.981,8.3
10218,0.718,22.1
10218,0.693,23.0
10228,0.962,44.7
10228,0.992,7.8
10228,0.995,8.0
10218,0.719,24.3
10228,0.959,58731.6
10218,0.717,20.7
10218,0.732,15.3
10228,0.980,10.1
10218,0.738,20.9
10228,0.968,43.5
10218,0.721,21.8
10228,0.969,43.2
10218,0.730,20.0
10218,0.720,18.8
10228,0.978,58.7
10228,0.994,7.9
10228,0.995,7.9
10218,0.742,17.3
10218,0.712,31.7
10228,0.962,45155.9
10218,0.733,20.1
10228,0.976,8.6
10218,0.720,22.2
10228,0.972,26.3
10218,0.719,23.6
10218,0.722,15.5
10228,0.963,10529.7
10228,0.994,7.8
10228,0.993,8.4
10218,0.707,21.5
10228,0.950,59863.6
10218,0.718,24.2
10228,0.968,2104.4
10218,0.716,21.5
10228,0.978,8.9
10218,0.717,16.8
10228,0.981,21.5
10218,0.699,23.6
10228,0.978,23.8
10218,0.719,17.8
10228,0.965,9.0
10228,0.947,10602.1
10228,0.984,11.9
10228,0.993,9.8
10218,0.705,17.5
10228,0.975,10.0
10218,0.715,18.2
10218,0.730,18.5
10228,0.969,25.8
10228,0.963,12613.4
10218,0.703,24.0
10228,0.977,46.5
10218,0.706,20.9
10228,0.983,8.7
10218,0.723,21.8
10218,0.708,25.4
10228,0.969,9447.6
10218,0.713,18.3
10228,0.963,6301.2
10228,0.984,10.7
10228,0.994,7.8
10228,0.968,49343.6
10218,0.698,20.1
10228,0.979,4.9
10228,0.968,8.6
10218,0.709,22.9
10228,0.972,33611.8
10218,0.706,24.8
10228,0.976,8.5
10218,0.725,24.6
10218,0.722,23.3
10228,0.962,29.6
10228,0.982,27.3
10228,0.995,8.0
10228,0.968,66593.1
10218,0.713,23.3
10218,0.714,27.8
10228,0.962,60.9
10218,0.715,20.9
10228,0.988,9.6
10228,0.981,7.8
10218,0.716,18.5
10228,0.975,27.2
10228,0.994,7.6
10228,0.994,7.9
10218,0.726,23.2
10218,0.719,24.9
10228,0.962,29365.9
10218,0.720,22.4
10218,0.697,20.1
10218,0.701,19.8
10228,0.963,6337.1
10228,0.980,8.0
10218,0.702,23.4
10228,0.964,13.0
10218,0.714,14.0
10228,0.986,10.7
10228,0.993,7.8
10228,0.992,7.8
10218,0.713,19.0
10218,0.724,18.9
10218,0.718,16.3
10218,0.716,18.2
10228,0.958,3787.2
10218,0.733,18.9
10228,0.984,23.8
10218,0.717,26.0
10228,0.971,12.1
10218,0.709,19.3
10228,0.964,30.5
10228,0.994,7.8
10228,0.994,7.9
10218,0.716,21.3
10218,0.721,23.3
10228,0.966,9437.9
10218,0.717,21.5
10218,0.729,25.8
10228,0.974,44.8
10218,0.713,15.0
10218,0.701,19.4
10228,0.976,8.8
10218,0.705,12.2
10228,0.964,1088.0
10228,0.986,10511.5
10228,0.994,8.0
10228,0.994,7.4
10218,0.732,20.0
10218,0.732,16.8
10218,0.714,25.9
10218,0.726,28.1
10228,0.944,6384.8
10218,0.735,17.1
10228,0.985,27.3
10218,0.725,21.8
10228,0.974,3154.5
10218,0.712,16.8
10228,0.960,64.1
10228,0.995,7.9
10228,0.994,7.9
10218,0.701,19.9
10218,0.724,27.2
10228,0.965,5267.7
10218,0.726,17.7
10218,0.743,18.9
10228,0.975,24.6
10218,0.720,16.9
10228,0.974,10.9
10218,0.723,21.1
10228,0.957,80.0
10218,0.729,20.5
10228,0.984,1583.4
10228,0.994,7.7
10228,0.993,7.8
10218,0.726,21.7
10218,0.704,21.0
10218,0.719,19.5
10228,0.937,7539.2
10218,0.719,18.1
10228,0.986,8.7
10218,0.722,16.7
10228,0.976,8.6
10218,0.724,17.8
10228,0.974,41.5
10228,0.986,10.2
10228,0.994,8.0
10218,0.718,20.8
10218,0.723,23.2
10228,0.964,16802.9
10218,0.742,32.8
10218,0.731,24.7
10228,0.965,60.5
10218,0.727,20.5
10228,0.986,8.4
10218,0.725,20.7
10228,0.976,9.7
10218,0.720,21.4
10228,0.971,24.4
10228,0.994,7.9
10228,0.994,7.2
10218,0.711,20.5
10228,0.966,18390.4
10218,0.716,16.8
10218,0.709,22.5
10228,0.971,3733.7
10218,0.729,28.6
10228,0.980,9.6
10218,0.728,23.0
10228,0.982,8.6
10218,0.718,21.3
10228,0.984,10.3
10228,0.994,8.2
10228,0.994,8.1
10218,0.715,19.1
10228,0.975,4739.1
10218,0.722,17.2
10228,0.976,5.2
10228,0.968,76.9
10218,0.716,15.1
10228,0.960,1594.9
10218,0.713,21.1
10228,0.971,9.4
10228,0.992,8.1
10228,0.994,8.2
10218,0.705,19.3
10228,0.970,6369.7
10228,0.966,43.7
10218,0.714,17.4
10218,0.719,23.6
10228,0.981,21065.6
10218,0.731,24.0
10228,0.981,43.9
10218,0.723,15.5
10228,0.966,60.4
10218,0.723,22.8
10228,0.942,4738.3
10218,0.707,23.7
10218,0.729,19.7
10228,0.979,41.9
10218,0.714,14.2
10228,0.979,6280.2
10228,0.964,64.0
10228,0.994,7.7
10228,0.995,8.0
10218,0.727,19.8
10218,0.729,19.8
10218,0.714,21.3
10228,0.951,10092.1
10218,0.706,21.3
10228,0.985,25.9
10218,0.723,17.2
10228,0.974,3138.6
10218,0.719,14.6
10228,0.975,3174.6
10228,0.995,8.0
10228,0.995,7.8
10218,0.718,22.4
10218,0.717,21.3
10228,0.965,6303.6
10218,0.727,22.1
10218,0.730,20.2
10228,0.971,3172.6
10218,0.731,30.4
10218,0.734,19.1
10228,0.978,9.0
10228,0.965,10513.9
10218,0.710,21.1
10228,0.985,9.6
10228,0.995,7.9
10218,0.721,22.2
10218,0.733,14.3
10228,0.975,12586.2
10218,0.734,22.1
10218,0.729,19.8
10228,0.972,28.0
10218,0.726,19.3
10228,0.984,8.1
10218,0.721,20.3
10228,0.971,9.8
10218,0.713,20.6
10228,0.973,32.1
10228,0.993,8.1
10228,0.994,8.4
10218,0.734,14.8
10218,0.719,17.0
10218,0.715,22.2
10228,0.947,12662.2
10218,0.724,13.6
10228,0.987,9.7
10218,0.726,16.1
10228,0.976,26.7
10218,0.731,19.3
10228,0.966,16.1
10228,0.995,8.0
10228,0.993,7.9
10218,0.720,18.9
10218,0.717,22.8
10228,0.956,21037.0
10218,0.712,20.4
10218,0.720,16.5
10228,0.984,28.5
10218,0.718,21.7
10228,0.970,24.8
10218,0.713,17.4
10228,0.975,11.4
10228,0.986,7.8
10228,0.993,8.3
10218,0.702,18.2
10228,0.967,157.3
10218,0.703,19.9
10218,0.722,23.3
10228,0.973,1598.8
10218,0.715,26.6
10228,0.982,8.3
10218,0.710,20.4
10228,0.973,10.6
10218,0.713,19.4
10228,0.974,9497.4
10228,0.996,8.2
10228,0.991,7.9
10218,0.711,17.1
10218,0.719,16.3
10218,0.713,18.9
10218,0.721,21.9
10228,0.949,37921.4
10218,0.724,23.0
10228,0.989,7.8
10218,0.713,25.9
10228,0.974,9.2
10218,0.710,23.4
10228,0.966,26.8
10228,0.994,8.5
10228,0.995,7.6
10218,0.702,18.4
10218,0.716,24.1
10228,0.972,40.7
10218,0.710,39.8
10218,0.730,14.3
10228,0.963,9500.6
10218,0.739,16.4
10228,0.977,42.2
10218,0.713,30.0
10228,0.980,8.0
10228,0.971,13.1
10228,0.995,8.2
10228,0.994,7.9
10218,0.719,19.6
10218,0.699,23.8
10218,0.708,16.7
10218,0.719,27.0
10228,0.951,18372.7
10218,0.707,27.0
10228,0.987,7.6
10218,0.710,23.7
10228,0.973,10.4
10218,0.714,20.0
10228,0.974,24.5
10228,0.989,9.5
10228,0.993,7.6
10218,0.716,21.8
10228,0.965,1667.8
10218,0.705,23.0
10218,0.723,17.4
10228,0.969,29.7
10218,0.732,15.4
10218,0.724,17.0
10228,0.983,25.6
10218,0.705,21.9
10228,0.975,11.3
10218,0.717,21.7
10228,0.969,14.3
10228,0.994,8.0
10228,0.995,7.5
10228,0.967,4764.5
10218,0.712,21.7
10218,0.696,23.4
10218,0.724,24.5
10228,0.973,59.8
10218,0.720,17.0
10228,0.979,27.2
10218,0.711,18.1
10228,0.978,26.2
10228,0.979,23.7
10228,0.993,8.3
10228,0.996,7.8
10218,0.721,21.6
10228,0.971,35656.1
10218,0.712,18.1
10228,0.974,10.4
10228,0.978,4218.0
10218,0.713,19.1
10228,0.968,7.2
10218,0.704,21.2
10228,0.966,28.0
10218,0.718,19.3
10228,0.964,26.0
10228,0.988,9.2
10228,0.993,9.2
10218,0.713,15.7
10228,0.957,4881.9
10218,0.707,17.6
10228,0.984,41.3
10218,0.721,15.8
10228,0.965,1582.2
10218,0.732,18.4
10228,0.972,9.3
10218,0.707,23.6
10228,0.957,14.1
10218,0.722,25.9
10228,0.967,12103.7
10218,0.703,19.6
10228,0.979,1618.0
10218,0.725,21.4
10228,0.976,26.7
10218,0.722,18.8
10228,0.977,8.6
10228,0.994,7.8
10228,0.976,4708.0
10218,0.713,23.1
10218,0.714,25.9
10228,0.965,27.5
10218,0.720,20.6
10228,0.983,7.8
10218,0.713,23.0
10228,0.968,3697.7
10228,0.977,61.0
10228,0.993,8.4
10218,0.725,18.3
10218,0.723,20.3
10228,0.974,3697.4
10218,0.724,22.2
10218,0.735,17.9
10218,0.726,29.2
10228,0.972,3188.5
10218,0.723,19.9
10228,0.978,24.1
10218,0.708,20.6
10228,0.976,9.4
10228,0.971,10.9
10228,0.996,7.5
10228,0.994,7.8
10218,0.716,24.0
10218,0.720,18.9
10218,0.694,20.5
10218,0.712,15.7
10228,0.943,7934.4
10218,0.722,20.4
10228,0.991,8.6
10218,0.729,25.0
10228,0.975,10.8
10218,0.718,15.7
10228,0.968,10.3
10228,0.988,8.2
10228,0.995,8.3
10218,0.719,24.7
10228,0.978,11052.9
10218,0.717,20.8
10218,0.716,23.1
10218,0.699,21.1
10228,0.961,2110.4
10218,0.724,17.6
10228,0.974,8.7
10228,0.968,30.2
10218,0.721,20.1
10228,0.983,8.1
10228,0.994,8.3
10218,0.709,18.3
10228,0.974,1630.0
10218,0.709,20.6
10218,0.715,27.4
10218,0.731,26.4
10228,0.970,3170.1
10218,0.718,19.7
10228,0.985,10.0
10218,0.722,19.7
10228,0.979,8.0
10228,0.967,26.9
10228,0.996,7.7
10228,0.993,8.1
10218,0.710,23.1
10218,0.713,24.7
10218,0.728,16.1
10218,0.732,20.8
10228,0.952,6398.3
10218,0.734,28.2
10228,0.990,9.0
10218,0.713,19.9
10228,0.976,40.9
10218,0.719,22.2
10228,0.968,9.0
10228,0.987,8.4
10228,0.995,7.8
10218,0.718,18.5
10228,0.968,16817.1
10218,0.711,15.3
10218,0.732,23.6
10218,0.720,18.0
10228,0.975,41.5
10218,0.703,24.3
10228,0.981,11.7
10218,0.708,19.1
10228,0.977,9.3
10228,0.970,9.6
10228,0.993,8.0
10228,0.996,7.4
10218,0.729,14.9
10218,0.718,18.3
10218,0.704,23.6
10228,0.950,186.9
10218,0.731,18.3
10228,0.984,25.1
10218,0.699,23.2
10228,0.980,26.9
10218,0.723,23.6
10228,0.972,44.3
10218,0.719,26.2
10228,0.988,39.4
10228,0.995,7.6
10218,0.709,23.9
10228,0.978,11562.9
10218,0.721,13.0
10218,0.709,25.1
10228,0.963,22622.8
10218,0.723,15.6
10228,0.982,10.0
10218,0.735,14.9
10228,0.977,9.9
10218,0.728,16.9
10228,0.972,7875.0
10228,0.995,8.0
10228,0.994,7.9
10218,0.724,23.6
10218,0.716,17.4
10228,0.971,3170.1
10218,0.724,25.0
10218,0.724,33.9
10218,0.719,16.2
10228,0.974,27.4
10218,0.734,25.8
10228,0.981,10.3
10218,0.713,24.0
10228,0.959,7925.2
10228,0.984,8923.3
10228,0.994,7.9
10228,0.995,7.8
10218,0.716,26.4
10218,0.713,20.9
10218,0.695,24.0
10218,0.842,76.4
10218,0.886,60.2
10218,0.837,72.7
10218,0.883,57.1
10218,0.853,64.6
10218,0.838,60.9
10218,0.882,57.4
10218,0.861,73.1
